<?xml version="1.0" encoding="UTF-8"?>
<project-private xmlns="http://www.netbeans.org/ns/project-private/1">
    <editor-bookmarks xmlns="http://www.netbeans.org/ns/editor-bookmarks/2" lastBookmarkId="0"/>
    <open-files xmlns="http://www.netbeans.org/ns/projectui-open-files/2">
        <group>
            <file>file:/C:/Users/Pablo/Documents/NetBeansProjects/Practica4_TC_CUP_PabloVIlla/src/practica4_tc_cup_pablovilla/Practica4_TC_CUP_PabloVIlla.java</file>
            <file>file:/C:/Users/Pablo/Documents/NetBeansProjects/Practica4_TC_CUP_PabloVIlla/src/practica4_tc_cup_pablovilla/sym.java</file>
            <file>file:/C:/Users/Pablo/Documents/NetBeansProjects/Practica4_TC_CUP_PabloVIlla/src/practica4_tc_cup_pablovilla/analex.java</file>
            <file>file:/C:/Users/Pablo/Documents/NetBeansProjects/Practica4_TC_CUP_PabloVIlla/src/practica4_tc_cup_pablovilla/parser.java</file>
        </group>
    </open-files>
</project-private>
